Ticker,Name,Exchange,categoryName
ADPMF,AD PEPPER MEDIA IN EUR0.05,PNK,
MHGFAD.OL,,,
APGR,"Anpath Group, Inc., Prior to Reverse Merger with Q2Power, Inc.",PNK,
AYO.DE,Abengoa SA,FRA,
NWR.AX,NWR.AX,ASX,
STLFUT.OL,Statoil ASA,OSL,
VISA34F.SA,Visa Inc.,SAO,
5238@OM.KL,,,
SLED.L,The Lebanese Company for the Development and Reconstruction of Beirut Central District S.A.L.,LSE,
E97F.VI,EB OE TL.Z./NTX,VIE,
ASI1.F,ASICS Corporation,FRA,
SMQA,SMSA Ballinger Acquisition Corp.,OBB,
AZZEF,Antares Energy Limited,PNK,
AAA.TO,Allana Potash Corp.,TOR,
AMG.V,AM Gold Inc,VAN,
0175-OL.HK,,,
PACC.L,Prime Active Capital plc.,LSE,
AWKS,"AmeriWorks, Inc.",PNK,
ABOT,Scoobeez Global Inc.,PNK,
IREHF,Integrated Research Limited,PNK,
ACGFF,"Accordia Golf Co., Ltd.",PNK,
KLVI.MU,,,
AKM.V,Kona Bay Technologies Inc.,VAN,
RJET,Republic Airways Holdings Inc.,NMS,
LTHHF,Lithium Power International Limited,PNK,
ALN.V,Power Metals Corp.,VAN,
AQNM,"Aquentium, Inc.",PNK,
UATG,"Umbra Applied Technologies Group, Inc.",PNK,
ADTM,"Adaptive Medias, Inc.",PNK,
TSLB.BE,,,
APC.DE,Apple Inc.,GER,Electronic Equipment
ALH.V,Alhambra Resources Ltd.,VAN,
ARBE,ARBOR ENTECH CORP,PNK,
ARMHF,ARM Holdings plc,PNK,
AFFMQ,"Affirmative Insurance Holdings, Inc.",PNK,
DDAIY,Daimler AG,PNK,
ECO.AX,eChoice Limited,ASX,
ARYX,"ARYx Therapeutics, Inc.",PNK,Drug Manufacturers - Other
PAX.L,Pacific Alliance Asia Opportunity Fund Limited,LSE,
AMU.V,Ashanti Sankofa Inc.,VAN,
AMCO,"Armco Metals Holdings, Inc",PNK,Basic Materials Wholesale
A7L3Z.NX,A7L3Z.NX,ENX,
AHMS,AHMS,PNK,
SFPN.SW,Swiss Finance & Property Investment AG,EBS,
EKKGF,Emlak Konut Gayrimenkul Yatirim Ortakligi AS,PNK,
REMO,REMO,OBB,
PACI,"Precision Auto Care, Inc.",PNK,
AMTCP,AMERITRANS CAP COR 9.375% PFD U,PNK,
NVI.AX,Nevada Iron Ltd.,ASX,
BUD.HM,BURU ENERGY LTD.,HAM,
VWA.DE,VSG Vange Software Group AG,GER,
SHAQUAK.BO,52 Weeks Entertainment Limited,BSE,
AQBKF,AVJENNINGS LIMITED NPV,PNK,
0O1R.L,Fraport AG,LSE,
ASEI,American Science & Engineering Inc.,NMS,
PRVW,"Peer Review Mediation and Arbitration, Inc.",PNK,
ADTCQ,"Advanced Deposition Technologies, Inc.",PNK,
NGX.AX,NGX.AX,ASX,
ASM.V,Avino Silver & Gold Mines Ltd.,VAN,Industrial Metals & Minerals
NTC.V,North American Tungsten Corp. Ltd.,VAN,
NMGL,North American Gold & Minerals Fund,PNK,
SMA.AX,SmartTrans Holdings Limited,ASX,Technical & System Software
5AB.DE,Asian Bamboo AG,GER,
BPSR,"Biotech Products Services and Research, Inc.",PNK,Recreational Vehicles
SHPEF,Petrosibir AB (publ),PNK,
ARF.TO,2242749 Ontario Limited,TOR,
UFY.F,SERVICE STREAM LTD,FRA,
A87SZ.NX,A87SZ.NX,ENX,
AAWC,Alexandria Advantage Warranty Company,PNK,
AMZ.DE,"Amazon.com, Inc.",GER,
YOU.SG,,,
JML.V,J.A.G. Mines Ltd,VAN,
WILSO.ST,Wilson ASA,STO,
ASDS,"Dougherty's Pharmacy, Inc.",PNK,
AMA.L,AMA.L,LSE,
PNA.AX,PanAust Limited,ASX,
TPET.L,,,
IAFSF,IFS AB SER'B'NPV,PNK,
3CKN.BE,ACKROO INC.,BER,
TBR.DE,,,
AXST,Axesstel Inc.,PNK,
W-A.TO,,,
AER.V,Alternative Earth Resources Inc.,VAN,
WOFAD,"Wisdom Homes of America, Inc.",PNK,
2AW.BE,"AWOX S.A. EO -,25",BER,
OEX.AX,Oilex Ltd,ASX,Independent Oil & Gas
AGXMF,Argentex Mining Corporation,PNK,
AV7.BE,,,
ATKJ,"Artec, Inc.",PNK,
SUD-A.V,,,
CHLN,"China Housing and Land Development, Inc.",NCM,
ANOS,Anoteros Inc.,PNK,
APPGE,"Apptigo International, Inc.",OBB,
AMP.MX,"Ameriprise Financial, Inc.",MEX,
NOD.AX,Onterran Limited,ASX,
AMGC,American Magna Corp.,PNK,
ENE.AX,ENE.AX,ASX,
LM86.VI,RCB OE TrackX2 s Corn,VIE,
N3VN.BE,,,
EPAX,Ambassadors Group Inc.,NMS,
GNTLF,Genetic Technologies Limited,PNK,
AQM.V,AQM Copper Inc.,VAN,
WHE.L,Salt Lake Potash Limited,LSE,
AESYY,AES Tietê S.A.,PNK,
NHH.AX,Newhaven Hotels Ltd.,ASX,
AXGC,Axis Energy Corporation,PNK,
ASCD.L,Asia Cement Corporation,LSE,General Building Materials
DETNOR.OL,Aker BP ASA,OSL,
GAEC,Gulf Alternative Energy Corp.,PNK,
VIINT.CO,Victor International AS,CPH,
WCH.DE,Wacker Chemie AG,GER,Chemicals - Major Diversified
FEM.V,Toachi Mining Inc.,VAN,
ASPW,"Arista Power, Inc.",PNK,Industrial Equipment & Components
AXL.TO,Anderson Energy Inc.,TOR,
IKBDF,IKB Deutsche Industriebank Aktiengesellschaft,PNK,
AQUNF,Algonquin Power & Utilities Corp.,PNK,
BPTY.L,bwin.party digital entertainment plc,LSE,
ADERY,"Aida Engineering, Ltd.",PNK,
AWGI,Ambient Water Corporation,PNK,Pollution & Treatment Controls
AMLH,"American Leisure Holdings, Inc.",PNK,
ASE.V,Asante Gold Corporation,VAN,Industrial Metals & Minerals
ALUN.MX,Alcatel-Lucent,MEX,
STOCD.AX,,,
ARVCF,AREVA SA,PNK,
FSN.V,FSN.V,VAN,
A39KZ.NX,A39KZ.NX,ENX,
PORK.EX,,,
ATN.TO,ATNA Resources Ltd.,TOR,
BAUH4.SA,Excelsior Alimentos S.A.,SAO,Food - Major Diversified
ARVCY,AREVA SA,PNK,
EURI,AgriEuro Corp.,PNK,
APVS,"Applied Visual Sciences, Inc.",PNK,Security & Protection Services
DFF,Bank of America Corporation MIT,ASE,
TPSL.CO,Cemat A/S,CPH,
W81.SI,Universal Resource And Services Limited,SES,
VPB.SW,VPB.SW,EBS,
ALB.L,Albert Technologies Ltd.,LSE,
OMED1.BA,,,
ACUG,A & C United Agriculture Developing Inc.,PNK,
PGSFUT.OL,Petroleum Geo-Services ASA,OSL,
CSEI,"PwrCor, Inc.",PNK,
A3N1.BE,,,
SMNPF,Americas Silver Corporation,PNK,
AMPLQ,Ampal-American Israel Corp.,PNK,
LMB.AX,Hexagon Resources Limited,ASX,
AYOE.SG,,,
ASC.V,Clean Commodities Corp.,VAN,
TAXA358.SA,FINANC/TERMO,SAO,
NRG.TO,Alter NRG Corp.,TOR,
AFRS,"American First Financial, Inc.",PNK,Mortgage Investment
KUIRF,Kuoni Reisen Holding AG,PNK,
KRA.AX,BuyMyPlace.com.au Limited,ASX,
CAS,A.M. Castle & Co.,NYQ,
UBRA.DE,UBS Group AG,GER,
EGY.AX,Energy Technologies Limited,ASX,Diversified Machinery
USAE,"U.S. Aerospace, Inc.",PNK,Aerospace/Defense Products & Services
A0BDRX.SG,,,
ABAT,"Advanced Battery Technologies, Inc.",PNK,
RGX.AX,MCS Services Limited,ASX,
AKVA,Arkanova Energy Corporation,PNK,Oil & Gas Drilling & Exploration
PL4.BE,PIEDMONT LITHIUM,BER,
ADEP,Adept Technology Inc.,NCM,
APE.MI,Alba S.p.A.,MIL,
ADRL.OL,,,
AQPTY,Aquarius Platinum Limited,PNK,
CHOP,China Gerui Advanced Materials Group Ltd.,NMS,
RYMM,Royal Mines and Minerals Corp,PNK,Industrial Metals & Minerals
SAREB.MX,"Sare Holding, S.A.B. de C.V.",MEX,Residential Construction
SMLNF,Solar Millennium AG,PNK,
TI8.BE,"ALTUR INVESTISSEM.EO 2,50",BER,
AAUKY,Anglo American plc,PNK,
GJT.AX,Galileo Japan Trust,ASX,
VBPS.VI,VBPS.VI,VIE,
AAX.AX,Ausenco Limited,ASX,
WATKF,WS Atkins plc,PNK,
AVZ.V,Avala Resources Ltd.,VAN,
BE04.VI,RCB OE TL.Z./Flughafen Wien,VIE,
AFY.V,Anthem United Inc.,VAN,
LOEEF,Loewe AG,PNK,
FNTCU,FNTCU,NMS,
PPN.AX,PPN.AX,ASX,
AAP-P.V,AAP-P.V,VAN,
MWOG,Midwest Oil & Gas Inc.,PNK,Industrial Metals & Minerals
ANTB,"Rezolute, Inc.",PNK,Biotechnology
PHM7.DE,"Altria Group, Inc.",GER,"Tobacco Products, Other"
ARN.V,Arcan Resources Ltd.,VAN,
ATWT,"ATWEC Technologies, Inc.",PNK,
AIX.V,Infinite Lithium Corp.,VAN,Industrial Metals & Minerals
0MK6.L,CAISSE REGIONALE DE CREDIT AGRI,LSE,
SAUD.L,Steel Authority of India Limited,LSE,Steel & Iron
TOMI,"Texas Oil and Minerals, Inc.",PNK,
COR.EX,,,
AAPF.EX,,,
A0BDRX.HM,,,
STB.AX,,,
ARM.BE,"ARM HLDGS PLC LS-,0005",BER,
MQF.F,Avocet Mining plc,FRA,
NMG.OL,,,
AXIO,Axiom Oil and Gas Corp.,PNK,Industrial Metals & Minerals
AXIH,"Axion International Holdings, Inc.",PNK,
AL7LH.NX,AL7LH.NX,ENX,
AQR.AX,Aeon Metals Limited,ASX,
AZUR,"Azure Midstream Partners, LP",PNK,
AFA.MU,"ARRIS INTL PLC DL -,01",MUN,
ARDWF,Captiva Verde Industries Ltd.,PNK,
KBLI.JK,PT KMI Wire and Cable Tbk,JKT,
ORS.AX,Octagonal Resources Limited,ASX,
HMB.ST,H & M Hennes & Mauritz AB (publ),STO,
SLT.AX,,,
ADES.L,ADES International Holding Ltd.,LSE,
CMGE,China Mobile Games and Entertainment Group Limited,NGM,
ASTI,"Ascent Solar Technologies, Inc.",PNK,Semiconductor - Specialized
PFAIF,PACIFIC ANDES INTL HKD0.10,PNK,
APH.V,Aphria Inc.,,
AGIN-M.TA,,,
PB610.SW,Pfandbriefbank schweizerischer Hypothekarinstitute AG,EBS,
OXXCB.AX,Octanex N.L.,ASX,
VEIFF,Ackroo Inc.,PNK,
PXG.AX,Phoenix Gold Limited,ASX,
BGOMF,Unity Mining Limited,PNK,
MBD.AX,MBD Corporation Limited,ASX,
CRLN,Carolina Alliance Bank,PNK,
COCA34F.SA,The Coca-Cola Company,SAO,
ASTV,"As Seen On TV, Inc.",PNK,
MN17.VI,RCB Disc.Z./K&S 17-19,VIE,
WFD.AX,Westfield Corporation,ASX,Property Management
VPK5.SG,Koninklijke Vopak N.V. Aandelen,STU,
NDAF.EX,,,
CP65.VI,EB OE TL.Z./CONTINENTAL,VIE,
ALORO.PA,Orolia SA,PAR,
DAQ-UN.TO,,,
TPAC,"Trans-Pacific Aerospace Company, Inc.",PNK,Aerospace/Defense Products & Services
ADHLY,Applied Development Holdings Limited,PNK,
AKZO.HM,,,
AT0000A1JW15.VI,"EB4\,5%ESTOXX50Prot16-20",VIE,
AVRW,"Aventine Renewable Energy Holdings, Inc",PNK,
ANRCF,Altona Energy Plc,PNK,
ATCOA.ST,Atlas Copco AB,STO,
9ME.F,Alterra Power Corp.,,
PGL.AX,TBG Diagnostics Limited,ASX,
AQQSQ,American Spectrum Realty Inc.,PNK,
AMRD,"American Riding Tours, Inc",OBB,
APP,"American Apparel, Inc.",ASE,
ALAWP,Alabama Power Co.,PNK,
ELA-UN.TO,,,
AWON,"A1 Group, Inc.",PNK,
ACTL,"Artec Global Media, Inc.",PNK,Marketing Services
APV.V,Apivio Systems Inc.,VAN,
ASFBY,ASFBY,PNK,
ADI.V,Adriana Resources Inc.,VAN,
ABKI,Abakan Inc.,PNK,Industrial Equipment & Components
DOLP.OL,Dolphin Group ASA,OSL,
TPI.AX,Cleanaway Waste Management Limited,ASX,
SAS.TO,St Andrew Goldfields Ltd.,TOR,
NXI.DE,Activa Resources AG,GER,
ADNC,"Audience, Inc.",NMS,
NORT6.BA,Nortel Inversora S.A.,BUE,Wireless Communications
UBK.HM,UMWELTBANK AG O.N.,HAM,
AVT.V,Alloycorp Mining Inc.,VAN,
SOO.AX,Go Energy Group Limited,ASX,
GGACU,Garnero Group Acquisition Company,NCM,
ATVYF,ACTIVEnergy Income Fund,PNK,
AUV.V,Automotive Finco Corp.,VAN,
ARO.BE,ARCANDOR AG O.N.,BER,Department Stores
WVL.AX,Titanium Sands Limited,ASX,
PSZKF,Powszechna Kasa Oszczednosci Bank Polski Spólka Akcyjna,PNK,
ALIV.ST,ALIV.ST,STO,
ADAT,AEON Global Health Corp.,PNK,Healthcare Information Services
BGLEP,Baltimore Gas and Electric Company,PNK,
AXMM,Axiom Corp.,PNK,Technical Services
ANFGY,Antofagasta plc,PNK,
TRZ-B.TO,"Transat AT, Inc.",TOR,
BGLEN,Baltimore Gas and Electric Company,PNK,
BGLEI,Baltimore Gas and Electric Company,PNK,
BGLEH,Baltimore Gas and Electric Company,PNK,
APGI,American Power Group Corporation,PNK,
ASMI,ASM International NV,NMS,
ALVRQ,Alvarion Ltd.,PNK,
ARXG,Aurora Gold Corporation,PNK,
CAGZ,Cullen Agricultural Holding Corp.,OBB,
ARRMF,A.C.N. 004 410 833 Limited,PNK,
AH35H.NX,AH35H.NX,ENX,
RY4A.HM,,,
BAKO55AKKKL.CO,BankInvest Optima 55 Akk. KL,CPH,
STRS.ST,Papilly AB (publ),,
AJGH,Sino United Worldwide Consolidated Ltd.,PNK,
NSGFUT.OL,,,
GTATQ,GT Advanced Technologies Inc.,PNK,
GDWNF,GONDWANA RESOURCES NPV,PNK,
CBAI,"Cord Blood America, Inc.",PNK,Medical Laboratories & Research
NOVE.ST,Strax AB (publ),STO,
AMIB,"Microlin Bio, Inc.",OBB,
LEAS,Strategic Asset Leasing Inc.,PNK,
APHD,Appiphany Technologies Holdings Corp.,PNK,Application Software
ALGN,"Align Technology, Inc.",NMS,Medical Appliances & Equipment
S5001C1705A.BK,CW ON SET50 OF BLS # A,SET,
ABY.AX,Aditya Birla Minerals Limited,ASX,
FOGL.L,Falkland Oil and Gas Ltd.,LSE,
ATL,Atlatsa Resources Corporation,PNK,
A99KZ.NX,A99KZ.NX,ENX,
GA06.QA,The State of Qatar,DOH,
AVON34F.SA,Avon Products Inc.,SAO,
AST.V,Black Dragon Gold Corp.,VAN,
NSP-B.ST,Nordic Service Partners Holding AB,STO,
TRUDP.ME,TRUDP.ME,,
MXOM,Pan American Goldfields Ltd,PNK,
PCD.AX,,,
ADPAK,ADELPHIA RECOVERY,PNK,
AREN,PetroGas Company,PNK,
ACE.L,Auhua Clean Energy Plc,LSE,
LK41.VI,RCB Disc.Z./Hugo Boss 17-18,VIE,
Q-A.V,Questfire Energy Corp.,VAN,
SSN.AX,Samson Oil & Gas Limited,ASX,Independent Oil & Gas
A78.SI,LionGold Corp Ltd,SES,Waste Management
UXC.AX,UXC Limited,ASX,
ATOC,"Atomic Paintball, Inc.",PNK,Sporting Activities
ODDJ,Simply Amazing LLC,PNK,
BULTEN.ST,Bulten AB (publ),STO,
GRYEF,"AU Min Africa PTY, LTD.",PNK,
ACHN.MX,Aluminum Corporation Of China Limited,MEX,Aluminum
ANCKF,Anfield Gold Corp.,PNK,
EVTCY,Evotec AG,PNK,
AML.V,ePower Metals Inc.,VAN,Industrial Metals & Minerals
CKALF,COKAL LIMITED,PNK,
SBU.AX,Siburan Resources Limited,ASX,Gold
TWM.V,Tidewater Midstream and Infrastructure Ltd.,VAN,
APSSTAR-B.BO,APSSTAR-B.BO,,
SCI.OL,Incus Investor ASA,OSL,
KPL.AX,Kina Petroleum Limited,ASX,Independent Oil & Gas
AESAY,AES Tietê S.A.,PNK,
AML.L,Amlin plc,LSE,
PMXRF,Fantasy Aces Daily Fantasy Sports Corp.,PNK,
CEAI,"China Education Alliance, Inc.",PNK,
LCY.AX,Legacy Iron Ore Limited,ASX,Industrial Metals & Minerals
MLYAF,Malaysian Airline System Bhd,PNK,
TAMO,Tamm Oil and Gas Corp.,PNK,
AMLSTEEL-BE.NS,AMLSTEEL-BE.NS,NSI,
RDAFTIIIDG-MF.NS,RELIANCE MUTUAL FD DUAL ADVANTA,NSI,
ELDO,Eldorado Artesian Springs Inc.,PNK,
PAY.AX,Payce Consolidated Ltd.,ASX,
PRDCD,Alternative Investment Corporation,PNK,
AHII,American Heritage International Inc.,PNK,Cigarettes
AP.MI,,,
3DM.AX,Mach7 Technologies Limited,ASX,
CADT,DT Asia Investments Limited,NCM,
0HI7.IL,MEVIS MEDICAL SOLUTIONS AG MEVI,IOB,
B8F.L,Biofrontera AG,LSE,
XCA.DE,Credit Agricole S.A.,GER,Money Center Banks
NORDK.ST,House of Friends AB (publ),,
AOIL,"Armada Oil, Inc.",OBB,
AMIEQ,Ambassadors International Inc.,PNK,
BTFL,"Monarch America, Inc.",PNK,Conglomerates
KASBF,Kasbah Resources Limited,PNK,
PWX,Providence and Worcester Railroad Company,NGM,
AAU.V,AndeanGold Ltd.,VAN,
RIS.AX,Richfield International Limited,ASX,
MTN.AX,Leigh Creek Energy Limited,ASX,
SGZ.AX,Scotgold Resources Limited,ASX,
ETPHF,AgriMinco Corp.,PNK,
AZFL,"Amazonas Florestal, Ltd",PNK,
AAC.V,Arak Resources Ltd.,VAN,
AHBRF,Alhambra Resources Ltd.,PNK,
AZGS,Aztec Oil & Gas Inc.,PNK,
AOMD.DE,Alstom SA,GER,Diversified Machinery
AKSY,Aksys Ltd.,PNK,
UML.AX,Unity Mining Limited,ASX,
TORM.CO,TORM A/S,,
AUTCF,Fincera Inc.,PNK,Auto Dealerships
BFP.BE,BBVA BCO FR. AP 1 ADR/3,BER,
CRX.AX,Crestal Petroleum Limited,ASX,
PNE.AX,Arkoma Energy Limited,ASX,
RUM.AX,Verdant Minerals Ltd,ASX,
7KT.DE,KTG Agrar SE,GER,
STNT.PA,STENTYS S.A.,PAR,Medical Appliances & Equipment
PRON.SW,,,
ASX.V,Elysee Development Corp.,VAN,
PLO.HM,PLDT INC. SP. ADRS/1 PP 5,HAM,
ELM.SG,Elcora Advanced Materials CorpR,STU,
NPR-UN.TO,NPR-UN.TO,TOR,
BGMO,Bergamo Acquisition Corp.,PNK,
ACIIQ,Arch Coal Inc.,PNK,
IER1.DU,"ACTUA CORP. DL-,001",DUS,
JPASSOCIA.NS,Jaiprakash Associates Limited,,
IMMA,Stop Sleep Go Inc.,PNK,
IPLRF,Indophil Resources NL,PNK,
ACC.TO,Amica Mature Lifestyles Inc.,TOR,
BAMXY,Bayerische Motoren Werke Aktiengesellschaft,PNK,
RCU.AX,Ante Real Estate Trust,ASX,
YU4.F,YU4.F,FRA,
WAI.V,WAI Capital Investments Corp.,VAN,
TRZ-A.TO,"Transat AT, Inc.",TOR,
MEDA-A.ST,Meda AB,STO,
WJA-A.TO,WestJet Airlines Ltd.,TOR,
ATCG.EX,,,
BQAZF,BANK AUDI SAL,PNK,
7TE.SG,,,
GROLF,Petrotarg AB (publ),PNK,
KWA.V,Mainstreet Health Investments Inc.,VAN,
GNHRF,Arian Resources Corp.,PNK,
ANDHRABANK6.BO,ANDHRABANK6.BO,,
XPC.BE,AUSTPAC RES. NL,BER,
SOUL,"Soul and Vibe Interactive, Inc.",PNK,Multimedia & Graphics Software
OPCO.ST,Trention AB (publ),STO,
AKDS,"Solbright Group, Inc.",PNK,Semiconductor - Specialized
A02.SI,SUTL Enterprise Limited,SES,
ASCK,Auscrete Corporation,PNK,Residential Construction
CFIFALCGLB.SN,Falcon ADM General De Fondos SA - Fondo De Inversion Falcom Global Strategy Fund,SGO,
TOTRF,"Toyo Tire & Rubber Co., Ltd.",PNK,
ITKG.EX,,,
AAGN.DE,NTT Com Security AG,GER,
QIHUN.MX,Qihoo 360 Technology Co. Ltd.,MEX,
INH.F,INDUS Holding AG,FRA,General Building Materials
AGIS.ST,Agellis Group AB,STO,
AVXT,AVAX Technologies Inc.,PNK,
AZNDF,ASTRAZENECA SWEDEN DEF PTY,PNK,
A1DA.F,Lions Gate Metals Inc.,,
AXISBANK-IL.NS,AXIS BANK INR2,NSI,
PRA.AX,Thred Limited,ASX,
2AN.SG,Alternate Health Corp. Register,STU,
CW3.F,CW3.F,,
XGRA9.BA,,,
NF04.VI,RCB Disc.Z./VIG 18-19,VIE,
ZYL.AX,ZYL.AX,ASX,
RRS.AX,Range Resources Limited,ASX,
SWR.AX,Yojee Limited,ASX,
SY1.VI,Symrise AG,VIE,
PHA.PA,Pharmagest Interactive SA,PAR,Technical & System Software
AMBTQ,Ambient Corporation,PNK,
VEND-B.ST,hubbr AB (publ),,
DXOM2.BA,,,
AQR-P.V,Anquiro Ventures Ltd.,VAN,
ACCKF,Amica Mature Lifestyles Inc.,PNK,
ZMG.AX,Zingmobile Group Limited,ASX,
DP4B.F,A.P. Møller - Mærsk A/S,FRA,
AHS7H.NX,AHS7H.NX,ENX,
CIG.BE,"CASH AMER. INTL DL-,10",BER,
ILH.AX,WAKENBY LTD,ASX,
AE-A.V,"Anterra Energy, Inc.",VAN,
ALME,Alamo Energy Corp.,PNK,Business Services
ALMG,Alamogordo Financial Corp.,OBB,
ANAS,"Alternaturals, Inc.",PNK,
WOIIF,Abilene Oil and Gas Limited,PNK,
SBGGF,Consolidated Growth Holdings Limited,PNK,
CGFAY,CONTL COAL LTD SPONS ADR EA REP,PNK,
AHIT,"Corix Bioscience, Inc.",PNK,
ANAD,"Anadigics, Inc.",NCM,
ARS.V,Asiamet Resources Limited,VAN,
AUZ-UN.TO,,,
AZK.AX,Aziana Limited,ASX,
ALU.PA,Alcatel-Lucent,PAR,
5H5A.SG,HBM Healthcare Investments AG N,STU,
AMZGQ,American Eagle Energy Corporation,PNK,
ABDNF,Aberdeen Asset Management PLC,PNK,
AUMAU,AR Capital Acquisition Corp.,NCM,
0Q3Y.L,KRUK Spólka Akcyjna,LSE,
AFTEK.NS,Aftek Limited,NSI,
0JK4.L,TAG Immobilien AG,LSE,
STAR.ST,Starbreeze AB (publ),,
CNSO,"MYnd Analytics, Inc.",PNK,
CT1.SI,Avi-Tech Electronics Limited,SES,
SRAQU,Silver Run Acquisition,NMS,
AU000000KZA9.SG,Kazia Therapeutics Ltd. Registe,STU,
AEGR,"Aegerion Pharmaceuticals, Inc.",NMS,
DEUPF,DEUPF,PNK,
TTN.AX,Titan Energy Services Limited,ASX,
ATNAQ,ATNA Resources Ltd.,PNK,
JCHAC.NS,Johnson Controls - Hitachi Air Conditioning India Limited,NSI,Electronic Equipment
PDXE.ST,Sensori AB,,
YARFUT.OL,,,
CTT.AX,The Food Revolution Group Limited,ASX,
TWH.AX,"TW Holdings Limited, Prior to Reverse Merger with AusCann Group Holdings Ltd",ASX,
AFFW,Affinity Mediaworks Corp,OBB,
AGE.V,"Adventure Gold, Inc.",VAN,
IPLO,"YBCC, Inc.",PNK,
AGM.L,Applied Graphene Materials plc,LSE,Specialty Chemicals
CBU.TO,First Asset CanBanc Split Corp.,TOR,
AFFM,Affirmative Insurance Holdings Inc.,PNK,
LNR.AX,Lonestar Resources Limited,ASX,
AIOAF,Sarossa Plc,PNK,
AOZ8H.NX,AOZ8H.NX,ENX,
AOA.MU,,,
RXHKF,RHI AG,PNK,
7054@OM.KL,,,
ADVS,"Advent Software, Inc.",NMS,
501036.SS,CHINA UNIVERSAL AS,SHH,
ALLG-B.ST,Allgon AB (publ),STO,
QUSA,"Questar Assessment, Inc.",PNK,
ALTI,"Altair Nanotechnologies, Inc.",PNK,
SHE.AX,Protean Wave Energy Ltd,ASX,
BENE.VI,BENE.VI,VIE,
4BD.SG,Hunter Group ASA,STU,
0036@OM.KL,,,
WCN.AX,White Cliff Minerals Limited,ASX,Gold
ANR,"Alpha Natural Resources, Inc.",NYQ,
ACNV,"Accelera Innovations, Inc",PNK,
ALTV,"Alteva, Inc.",ASE,
UASB,United American Savings Bank,OBB,
AA-P,Arconic Inc.,ASE,
DNSKY,Danske Bank A/S,PNK,
ABCE,"ABCO Energy, Inc.",PNK,Semiconductor - Specialized
AM.TO,Automodular Corp.,TOR,
APHDD,Appiphany Technologies Holdings Corp.,PNK,
AAI.AX,Alcoa Inc.,ASX,
IQPOF,iQ Power Licensing AG,PNK,
ATLCF,Atlas Copco AB,PNK,
FDC.AX,Vicinity Centres,ASX,
GEEK,"Internet America, Inc.",PNK,
HLMNF,Holmen Aktiebolag (publ),PNK,
MABA,"American Biogenetic Sciences, Inc.",PNK,
AM2JH.NX,AM2JH.NX,ENX,
GRO,Agria Corporation,NYQ,
AFS-H.V,Afrasia Mineral Fields Inc.,VAN,
MT.PA,MT.PA,PAR,
YOU-UN.TO,Yield Advantage Income Trust,TOR,
AB9.DU,ABO Wind AG,DUS,
PWRDN.MX,,,
ORXOF,Orexo AB (publ),PNK,
TKMAF,TELEKOM AUSTRIA AG NPV(BR),PNK,
ARC.V,Arian Resources Corp.,VAN,
AAS.SG,"Airgas, Inc.",STU,
AQPVF,Aqua-Pure Ventures Inc.,PNK,
MOU.AX,LiveTiles Limited,ASX,
UVBIF,"Universal Biosensors, Inc.",PNK,
ARMH,ARM Holdings plc,NMS,
UV7.HM,NOVITA HEALTHCARE,HAM,
AGQ.V,Arian Silver Corporation,VAN,
ENRO-PREF.ST,Eniro AB (publ),STO,
TRAP.L,,,
IPLD.IL,,,
ODN.V,Lumina Gold Corp.,VAN,
APIGF,API Group plc,PNK,
AXI.V,Advanced Explorations Inc.,VAN,
ABT.L,Abbott Laboratories,LSE,
ENU.AX,Alto Metals Limited,ASX,
EXAD,"Experience Art and Design, Inc.",PNK,Photographic Equipment & Supplies
ZERO,"QS Energy, Inc.",PNK,
LNNNF,LEONI AG,PNK,
WELSPSY.BO,AYM Syntex Limited,BSE,
AE5YH.NX,AE5YH.NX,ENX,
AAPL34F.SA,Apple Inc.,SAO,
BBRY.BA,BlackBerry Limited,BUE,
ALE.V,YDreams Global Interactive Technologies Inc,VAN,
DANTH.CO,Dansk Industri Invest A/S,CPH,
ALFIG.PA,Figeac-Aero Société Anonyme,ENX,
AXBSF,Axios Mobile Assets Corp.,PNK,
ARVSF,Aurvista Gold Corporation,PNK,
PMOX.DE,DO Deutsche Office AG,GER,
7AS.F,ARDILLA SEGUR GS 2029,FRA,
PRA.DE,Praktiker AG,GER,
0RCS.IL,ALPHA BANK SA ALPHA BANK ORD SH,IOB,
ARCP,"VEREIT, Inc.",NMS,
CNPAL.PA,CNP Assurances SA,PAR,
ETF,"Aberdeen Emerging Markets Smaller Company Opportunities Fund, Inc.",ASE,
ARCS,Arcis Resources Corporation,PNK,Waste Management
PKBAF,PT Bakrie & Brothers Tbk,PNK,
ACRFY,Accor S.A.,PNK,
AD3.MU,,,
AVTCQ,"AVT, Inc.",PNK,
AXANF,Axia NetMedia Corporation,PNK,
PWB-PB.TO,,,
AGBRE,"AgriVest Americas, Inc",PNK,
AVA.V,Maple Gold Mines Ltd.,VAN,Gold
TLSN.ST,Telia Company AB,STO,
GAI,Global-Tech Advanced Innovations Inc.,NGM,
EGP.AX,The Star Entertainment Group Limited,ASX,
ASHOKLEY6.BO,ASHOKLEY6.BO,,
V7I.SG,,,
AVTC,"AVT, Inc.",PNK,
KMBNY,Komercni Banka AS,PNK,
AVTO,"Avantogen Oncology, Inc.",PNK,
AXLX,"Axiologix, Inc.",PNK,Multimedia & Graphics Software
AVTH,"AV Therapeutics, Inc.",PNK,
WDS.AX,WDS Limited,ASX,
AERT,"Advanced Environmental Recycling Technologies, Inc.",PNK,
AXX.TO,Axia NetMedia Corporation,TOR,
ERD.AX,MedAdvisor Limited,ASX,
NASFUT.OL,,,
UNMK,"Tritent International Agriculture, Inc.",PNK,
QED.L,Quintain Estates and Development plc,LSE,
CRA1.HM,RIO TINTO LTD,HAM,
AMG9H.NX,AMG9H.NX,ENX,
20A.F,20A.F,,
RCILF,Roc Oil Company Limited,PNK,
MDHI,"Medical Alarm Concepts Holding, Inc.",PNK,
9AL.BE,ALKINDO NARATAMA RP 100,BER,
RSB.L,Rensburg AIM VCT Ord,LSE,
MDDWF,Maxar Technologies Ltd.,PNK,
AT0000A1W8M5.VI,EB STOXX Oil&Gas Expr II17-21,VIE,
IU51.VI,EB OE TL.Z./BRENT CRUDE,VIE,
AFCMF,Afri Can Marine Minerals Corp.,PNK,
XXAAO,XXAAO,PNK,
HPCQ,"Vegalab, Inc.",PNK,Conglomerates
CGAC,Code Green Apparel Corp.,PNK,
AFI.AX,Australian Foundation Investment Company Limited,ASX,Asset Management
ERAO,"Energy Revenue America, Inc.",PNK,
SCD.AX,Scantech Ltd.,ASX,
ADRNF,Aderans Company Limited,PNK,
LK22.VI,RCB Disc.Z./Steinhoff 17-17,VIE,
FNE.F,FNE.F,,
AIBSF,AIB Group PLC,PNK,
SYP.AX,Mareterram Limited,ASX,
ADLS,"Advanced Life Sciences Holdings, Inc.",PNK,Biotechnology
WILLF,William Demant Holding A/S,PNK,
ERJ.AX,Volt Power Group Limited,ASX,
RGT.OL,Rocksource ASA,OSL,
AMWK,Ameristar Network Inc.,PNK,
OEG-A.V,,,
HVCW,Harrison Vickers and Waterman Inc.,PNK,Mortgage Investment
RJETQ,Republic Airways Holdings Inc.,PNK,
FCR.AX,Ferrum Crescent Limited,ASX,Industrial Metals & Minerals
AGE1H.NX,AGE1H.NX,ENX,
ASKE,Alaska Pacific Energy Corp.,PNK,Industrial Metals & Minerals
AL9.HM,SUNSTONE METALS LTD,HAM,
SNP.BA,China Petroleum & Chemical Corp.,BUE,
BUR.AX,Sky and Space Global Ltd,ASX,
PDEK.DU,Panamax AG,DUS,
PPTG,Property Management Corporation of America,PNK,
AGH.V,Canadian Silver Hunter Inc.,VAN,
GUF.AX,TerraCom Limited,ASX,
IWB.DU,IWB.DU,DUS,
AJAC,"Aja Cannafacturing, Inc.",PNK,Biotechnology
TIBD.L,Türkiye Is Bankasi Anonim Sirketi,LSE,Money Center Banks
AGPPY,Anglo American Platinum Limited,PNK,
EVN.SG,EVN AG Inhaber-Aktien o.N.,STU,
IREBY,The Governor and Company of the Bank of Ireland,PNK,
AOC.AX,Sacgasco Limited,ASX,
FOIFF,Arch Biopartners Inc.,PNK,
LOGL,"Legend Oil and Gas, Ltd.",PNK,Independent Oil & Gas
ANRZQ,"Alpha Natural Resources, Inc.",PNK,
J7X.SI,Tiger Airways Holdings Limited,SES,
NXK,Nuveen New York Dividend Advantage Municipal Fund 2,ASE,
AAB.TO,Aberdeen International Inc.,TOR,Asset Management
TAXA206.SA,FINANC/TERMO,SAO,
AIB.IR,AIB.IR,ISE,
STRINV.CO,Strategic Investments A/S,CPH,
ALEV,IBITX Software Inc.,PNK,
AHRO,AtheroNova Inc.,PNK,
SCOK,"SinoCoking Coal and Coke Chemical Industries, Inc.",NCM,
PWCHF,Power Chips plc,PNK,
NAI.V,Canex Metals Inc.,VAN,
TELIO.OL,,,
MAK.AX,Avenira Limited,ASX,
AFR.V,African Metals Corporation,VAN,
VOCN.AX,,,
YVKAF,Yapi Ve Kredi Bankasi AS,PNK,
RJC.BE,,,
PWW.AX,Power Resources Ltd.,ASX,
BAF.DE,Clere AG,GER,
AHS5H.NX,AHS5H.NX,ENX,
QANDA.AX,,,
ABHI,"AmbiCom Holdings, Inc.",PNK,
TRMO.ST,Transmode AB (publ),STO,
BIRD.OL,Techstep ASA,OSL,
ABCIL.BO,Aditya Birla Chemicals (India) Limited,BSE,
BOE.V,GrowMax Resources Corp.,VAN,
ACBK,AMERICAN CITY BANK COM USD0.01,PNK,
DCAC,"Daniels Corporate Advisory Company, Inc.",PNK,Business Services
AK3.SI,Swiber Holdings Limited,SES,
IRLBF,Bank Of Ireland Group plc,PNK,
VOLVY,AB Volvo (publ),PNK,
APYP,"AppYea, Inc.",PNK,
SCH.OL,,,
OGF-UN.TO,Aston Hill Global Resource Fund,TOR,
UXA.AX,UXA RESOUR FPO,ASX,
MEO.AX,Melbana Energy Limited,ASX,
LMC.AX,LMC.AX,ASX,
ALIOF,Actelion Ltd,PNK,
H9A.MU,,,
BCG.AX,Bitcoin Group Limited,ASX,
DART.JK,PT Duta Anggada Realty Tbk,JKT,
ALLAY,All America Latina Logistica S.A.,PNK,
I6O.BE,IRONBARK ZINC LTD.,BER,
AVPI,"AVP, Inc.",PNK,
AICPQ,AICI CAPITAL TRUST 9% PRF 30/9/,PNK,
AUXO,"Auxilio, Inc.",PNK,Business Services
ICG.AX,Inca Minerals Limited,ASX,Industrial Metals & Minerals
AIL.DE,L'Air Liquide S.A.,GER,Chemicals - Major Diversified
ACL.V,Bow Energy Ltd.,VAN,
AFBOF,AFRN RAINBOW MINLS,PNK,
BABU.L,BlueCrest AllBlue Fund Limited,LSE,
SKE.AX,SKILLED Group Limited,ASX,
BABS.L,BlueCrest AllBlue Fund Limited,LSE,
AITUF,Anritsu Corp.,PNK,
ACR.DE,Accor SA,GER,Lodging
AVL,Avalon Rare Metals Inc.,ASE,
78QZ.L,Aluminium Bahrain B.S.C.,LSE,
2085319.MA,,,
1PL.DE,Powerland AG,GER,
ARWJF,Aroway Energy Inc.,PNK,
DUFN.SW,Dufry AG,EBS,
PF8.DU,EUROPEAN LITHIUM LTD,DUS,
AMPW,American Power Corporation,PNK,
FOZN.F,Forbo Holding AG,FRA,
ACG,AllianceBernstein Income Fund,NYQ,
SLOG.SW,SLOG.SW,EBS,
GRO.OL,Ganger Rolf ASA,OSL,
ONC.AX,TasFoods Limited,ASX,
JADA,Jade Art Group Inc.,PNK,
R2:TEKA3S.SA,,,
REPO,National Asset Recovery Corp.,PNK,
DEEL,Deal a Day Group Corp.,PNK,
B03.SI,BRC Asia Limited,SES,
OTI.AX,Oriental Technologies Investment Limited,ASX,Diversified Machinery
ABEA.BE,"ALPHABET INC.CL.A DL-,001",BER,
CUX.AX,Crossland Strategic Metals Limited,ASX,Industrial Metals & Minerals
ALU.HM,ALU.HM,HAM,
MALA.PA,Societe Des Produits Marnier Lapostolle Société Anonyme,PAR,
GGAC,Garnero Group Acquisition Company,NCM,
OEDV,"Osage Exploration and Development, Inc.",PNK,
1V9.F,1V9.F,,
ANPFF,"Anpulo Food, Inc.",PNK,
PAR.ST,PA Resources AB,STO,
GGE.AX,Grand Gulf Energy Limited,ASX,Independent Oil & Gas
CYTN.SW,CYTN.SW,EBS,
SCO.V,Carrie Arran Resources Inc.,VAN,
WBULK.OL,Bulk Invest ASA,OSL,
CTTZF,CENTAURUS METALS NPV,PNK,
APAM.PA,,,
ABRW,"American Brewing Company, Inc.",OBB,
SAO.V,San Angelo Oil Limited,VAN,
MTU.AX,M2 Group Ltd,ASX,
0RE7.L,,,
CITY,"Avalon Correctional Services, Inc.",PNK,
APO.V,Acasti Pharma Inc.,VAN,
AMMS,American Media Systems Co.,PNK,
ADFFOODS.NS,ADF Foods Limited,NSI,Food - Major Diversified
ADVANTA.NS,Advanta Limited,NSI,
V7I.BE,,,
RENS,ASPA Gold Corp.,PNK,
VEI.AX,Vision Eye Institute Limited,ASX,
COVTY,Covestro AG,PNK,
ACHI,R1 RCM Inc.,PNK,
5ASA.SG,Asiasoft Corp. PCL Reg. Shares,STU,
PDM.AX,Paradigm Metals Limited.,ASX,
YG11.SG,,,
AUA.V,Adanac Molybdenum Corporation,VAN,
IIN.AX,iiNet Ltd.,ASX,
TX3.BE,AIRPORTS O.THAI-FOR-BA 10,BER,
GAL.AX,TV2U International Limited,ASX,
CARSP,CARSP,PNK,
AWC.DE,"American Water Works Company, Inc.",GER,
SAV.AX,Emefcy Group Limited,ASX,
NUX.F,Norwest Energy NL,FRA,
NOW.V,Asia Now Resources Corp.,VAN,
CNLM,Charlemagne Capital Limited,NCM,
5IB.SI,China Medical (International) Group Limited,SES,Steel & Iron
JUN3.DE,Jungheinrich Aktiengesellschaft,GER,Diversified Machinery
SAT.MI,,,
AVSS,Avesis Incorporated,PNK,
SMCG,Millennium Investment & Acquisition Company Inc.,PNK,
PLV.AX,PLV.AX,ASX,
MLHK.PA,H&K AG,PAR,
AHIX,"Aluf Holdings, Inc.",PNK,
TITAF,Titan Trading Analytics Inc.,PNK,
HAGE,Comerton Corp.,PNK,
RY4A.SG,,,
CLL.TO,Connacher Oil and Gas Ltd.,TOR,
1CB.DE,Condor Blanco Mines Limited,GER,
PIMZ,PIMZ,PNK,
IGEHF,SINO GAS & ENERGY,PNK,
HR7.HM,Heron Resources Limited,HAM,
AZN.V,Arcturus Ventures Inc.,VAN,
SKYD.DE,Sky Deutschland AG,GER,
PB399.SW,Pfandbriefbank schweizerischer Hypothekarinstitute AG,EBS,
ABEO.PA,Abéo SA,PAR,
ADSG.EX,,,
A1Z2KR.BE,,,
AET-UN.TO,Argent Energy Trust,TOR,
AXZY.SG,,,
AVLY,"Allegheny Valley Bancorp, Inc.",PNK,
CW3.SG,,,
NAGP,"Native American Energy Group, Inc.",PNK,
CCF.AX,Alterra Limited,ASX,
VC8.DE,,,
SAIL.BO,Steel Authority of India Limited,BSE,
AVLS,ADV LIGHTING SOLU,PNK,
DWA,DreamWorks Animation SKG Inc.,NMS,
USIN.SW,USIN.SW,EBS,
AFSE,All Energy Corporation,PNK,
AGRO.L,Ros Agro PLC,LSE,Farm Products
KBL.AX,KBL Mining Limited,ASX,
KB15.VI,EB OE TS.Z./BEIERSDORF,VIE,
ELG.SG,Elmos Semiconductor AG Inhaber-,STU,Semiconductor Equipment & Materials
ABBY,"Abby, Inc.",PNK,
IPA.AX,IPA.AX,ASX,
ALL.MX,,,
ANCI,"American Caresource Holdings, Inc.",NCM,
EAIAF,East Asia Minerals Corporation,PNK,
ADOCF,Adocia SA,PNK,
AGX.V,Amador Gold Corp.,VAN,
ABRDF,ABRDF,PNK,
ASHC,Ashcroft Homes Corporation,PNK,
AUG.V,Auryn Resources Inc.,VAN,
AOS.V,Alberta Oilsands Inc.,VAN,
ANF.V,Anfield Gold Corp.,VAN,Industrial Metals & Minerals
GOQ.BE,,,
TEKA4F.SA,,,
ANCS,American Consumers Inc.,PNK,
AMTC,Ameritrans Capital Corp.,PNK,
ALSC9.SA,Aliansce Shopping Centers S.A.,SAO,
